[{"model": "admin.logentry", "pk": 1, "fields": {"action_time": "2025-05-04T07:33:39.454Z", "user": 12, "content_type": 15, "object_id": "2", "object_repr": "AI & ML Society", "action_flag": 2, "change_message": "[{\"changed\": {\"fields\": [\"Banner\", \"Avatar\"]}}]"}}, {"model": "admin.logentry", "pk": 2, "fields": {"action_time": "2025-05-04T23:01:07.874Z", "user": 12, "content_type": 15, "object_id": "2", "object_repr": "AI & ML Society", "action_flag": 2, "change_message": "[{\"changed\": {\"fields\": [\"Require request\"]}}]"}}, {"model": "admin.logentry", "pk": 3, "fields": {"action_time": "2025-05-04T23:01:43.592Z", "user": 12, "content_type": 15, "object_id": "2", "object_repr": "AI & ML Society", "action_flag": 2, "change_message": "[{\"changed\": {\"name\": \"club membership\", \"object\": \"admin in AI & ML Society as member (member)\", \"fields\": [\"Status\"]}}]"}}, {"model": "admin.logentry", "pk": 4, "fields": {"action_time": "2025-05-04T23:02:42.906Z", "user": 12, "content_type": 9, "object_id": "1", "object_repr": "MAT237", "action_flag": 1, "change_message": "[{\"added\": {}}]"}}, {"model": "admin.logentry", "pk": 5, "fields": {"action_time": "2025-05-06T14:16:00.881Z", "user": 12, "content_type": 15, "object_id": "6", "object_repr": "Bookworms Unite", "action_flag": 2, "change_message": "[{\"changed\": {\"fields\": [\"Banner\", \"Avatar\"]}}]"}}, {"model": "admin.logentry", "pk": 6, "fields": {"action_time": "2025-05-06T14:16:05.608Z", "user": 12, "content_type": 15, "object_id": "1", "object_repr": "Chess Club", "action_flag": 2, "change_message": "[{\"changed\": {\"fields\": [\"Banner\", \"Avatar\"]}}]"}}, {"model": "admin.logentry", "pk": 7, "fields": {"action_time": "2025-05-06T14:16:12.056Z", "user": 12, "content_type": 15, "object_id": "5", "object_repr": "Nature Hikers", "action_flag": 2, "change_message": "[{\"changed\": {\"fields\": [\"Banner\", \"Avatar\"]}}]"}}, {"model": "admin.logentry", "pk": 8, "fields": {"action_time": "2025-05-06T14:16:17.529Z", "user": 12, "content_type": 15, "object_id": "3", "object_repr": "Photography Club", "action_flag": 2, "change_message": "[{\"changed\": {\"fields\": [\"Banner\", \"Avatar\"]}}]"}}, {"model": "admin.logentry", "pk": 9, "fields": {"action_time": "2025-05-06T14:16:22.723Z", "user": 12, "content_type": 15, "object_id": "4", "object_repr": "Rock Band Collective", "action_flag": 2, "change_message": "[{\"changed\": {\"fields\": [\"Banner\", \"Avatar\"]}}]"}}, {"model": "admin.logentry", "pk": 10, "fields": {"action_time": "2025-05-06T17:15:26.412Z", "user": 12, "content_type": 15, "object_id": "2", "object_repr": "AI & ML Society", "action_flag": 2, "change_message": "[{\"changed\": {\"name\": \"club membership\", \"object\": \"admin in AI & ML Society as owner (member)\", \"fields\": [\"Role\", \"Status\"]}}]"}}, {"model": "admin.logentry", "pk": 11, "fields": {"action_time": "2025-05-06T17:15:33.622Z", "user": 12, "content_type": 15, "object_id": "6", "object_repr": "Bookworms Unite", "action_flag": 2, "change_message": "[{\"changed\": {\"name\": \"club membership\", \"object\": \"admin in Bookworms Unite as owner (member)\", \"fields\": [\"Role\"]}}]"}}, {"model": "admin.logentry", "pk": 12, "fields": {"action_time": "2025-05-06T17:15:39.791Z", "user": 12, "content_type": 15, "object_id": "1", "object_repr": "Chess Club", "action_flag": 2, "change_message": "[{\"changed\": {\"name\": \"club membership\", \"object\": \"charlie in Chess Club as owner (member)\", \"fields\": [\"Role\"]}}]"}}, {"model": "admin.logentry", "pk": 13, "fields": {"action_time": "2025-05-06T17:15:59.908Z", "user": 12, "content_type": 15, "object_id": "1", "object_repr": "Chess Club", "action_flag": 2, "change_message": "[{\"added\": {\"name\": \"club membership\", \"object\": \"admin in Chess Club as owner (member)\"}}, {\"changed\": {\"name\": \"club membership\", \"object\": \"charlie in Chess Club as member (member)\", \"fields\": [\"Role\"]}}, {\"changed\": {\"name\": \"club membership\", \"object\": \"alice in Chess Club as member (member)\", \"fields\": [\"Role\"]}}]"}}, {"model": "admin.logentry", "pk": 14, "fields": {"action_time": "2025-05-06T17:16:11.607Z", "user": 12, "content_type": 15, "object_id": "5", "object_repr": "Nature Hikers", "action_flag": 2, "change_message": "[{\"added\": {\"name\": \"club membership\", \"object\": \"admin in Nature Hikers as owner (member)\"}}, {\"changed\": {\"name\": \"club membership\", \"object\": \"alice in Nature Hikers as member (member)\", \"fields\": [\"Role\"]}}]"}}, {"model": "admin.logentry", "pk": 15, "fields": {"action_time": "2025-05-06T17:16:19.324Z", "user": 12, "content_type": 15, "object_id": "3", "object_repr": "Photography Club", "action_flag": 2, "change_message": "[{\"added\": {\"name\": \"club membership\", \"object\": \"admin in Photography Club as owner (member)\"}}, {\"changed\": {\"name\": \"club membership\", \"object\": \"george in Photography Club as moderator (member)\", \"fields\": [\"Role\"]}}]"}}, {"model": "admin.logentry", "pk": 16, "fields": {"action_time": "2025-05-06T17:16:26.115Z", "user": 12, "content_type": 15, "object_id": "4", "object_repr": "Rock Band Collective", "action_flag": 2, "change_message": "[{\"added\": {\"name\": \"club membership\", \"object\": \"admin in Rock Band Collective as owner (member)\"}}]"}}, {"model": "admin.logentry", "pk": 17, "fields": {"action_time": "2025-05-07T02:00:11.473Z", "user": 12, "content_type": 17, "object_id": "14", "object_repr": "21 (Dec 01, 2025)", "action_flag": 2, "change_message": "[{\"changed\": {\"fields\": [\"Tags\"]}}]"}}, {"model": "admin.logentry", "pk": 18, "fields": {"action_time": "2025-05-08T20:59:06.576Z", "user": 12, "content_type": 15, "object_id": "1", "object_repr": "Chess Club", "action_flag": 2, "change_message": "[{\"changed\": {\"fields\": [\"Creator\"]}}]"}}, {"model": "admin.logentry", "pk": 19, "fields": {"action_time": "2025-05-08T21:02:07.026Z", "user": 12, "content_type": 15, "object_id": "1", "object_repr": "Chess Club", "action_flag": 2, "change_message": "[]"}}, {"model": "admin.logentry", "pk": 20, "fields": {"action_time": "2025-05-19T01:00:04.216Z", "user": 12, "content_type": 12, "object_id": "1", "object_repr": "ChatRoom object (1)", "action_flag": 1, "change_message": "[{\"added\": {}}]"}}, {"model": "admin.logentry", "pk": 21, "fields": {"action_time": "2025-05-19T01:00:07.422Z", "user": 12, "content_type": 12, "object_id": "1", "object_repr": "ChatRoom object (1)", "action_flag": 2, "change_message": "[]"}}, {"model": "auth.permission", "fields": {"name": "Can add log entry", "content_type": 1, "codename": "add_logentry"}}, {"model": "auth.permission", "fields": {"name": "Can change log entry", "content_type": 1, "codename": "change_logentry"}}, {"model": "auth.permission", "fields": {"name": "Can delete log entry", "content_type": 1, "codename": "delete_logentry"}}, {"model": "auth.permission", "fields": {"name": "Can view log entry", "content_type": 1, "codename": "view_logentry"}}, {"model": "auth.permission", "fields": {"name": "Can add permission", "content_type": 2, "codename": "add_permission"}}, {"model": "auth.permission", "fields": {"name": "Can change permission", "content_type": 2, "codename": "change_permission"}}, {"model": "auth.permission", "fields": {"name": "Can delete permission", "content_type": 2, "codename": "delete_permission"}}, {"model": "auth.permission", "fields": {"name": "Can view permission", "content_type": 2, "codename": "view_permission"}}, {"model": "auth.permission", "fields": {"name": "Can add group", "content_type": 3, "codename": "add_group"}}, {"model": "auth.permission", "fields": {"name": "Can change group", "content_type": 3, "codename": "change_group"}}, {"model": "auth.permission", "fields": {"name": "Can delete group", "content_type": 3, "codename": "delete_group"}}, {"model": "auth.permission", "fields": {"name": "Can view group", "content_type": 3, "codename": "view_group"}}, {"model": "auth.permission", "fields": {"name": "Can add user", "content_type": 4, "codename": "add_user"}}, {"model": "auth.permission", "fields": {"name": "Can change user", "content_type": 4, "codename": "change_user"}}, {"model": "auth.permission", "fields": {"name": "Can delete user", "content_type": 4, "codename": "delete_user"}}, {"model": "auth.permission", "fields": {"name": "Can view user", "content_type": 4, "codename": "view_user"}}, {"model": "auth.permission", "fields": {"name": "Can add content type", "content_type": 5, "codename": "add_contenttype"}}, {"model": "auth.permission", "fields": {"name": "Can change content type", "content_type": 5, "codename": "change_contenttype"}}, {"model": "auth.permission", "fields": {"name": "Can delete content type", "content_type": 5, "codename": "delete_contenttype"}}, {"model": "auth.permission", "fields": {"name": "Can view content type", "content_type": 5, "codename": "view_contenttype"}}, {"model": "auth.permission", "fields": {"name": "Can add session", "content_type": 6, "codename": "add_session"}}, {"model": "auth.permission", "fields": {"name": "Can change session", "content_type": 6, "codename": "change_session"}}, {"model": "auth.permission", "fields": {"name": "Can delete session", "content_type": 6, "codename": "delete_session"}}, {"model": "auth.permission", "fields": {"name": "Can view session", "content_type": 6, "codename": "view_session"}}, {"model": "auth.permission", "fields": {"name": "Can add tag", "content_type": 7, "codename": "add_tag"}}, {"model": "auth.permission", "fields": {"name": "Can change tag", "content_type": 7, "codename": "change_tag"}}, {"model": "auth.permission", "fields": {"name": "Can delete tag", "content_type": 7, "codename": "delete_tag"}}, {"model": "auth.permission", "fields": {"name": "Can view tag", "content_type": 7, "codename": "view_tag"}}, {"model": "auth.permission", "fields": {"name": "Can add tagged item", "content_type": 8, "codename": "add_taggeditem"}}, {"model": "auth.permission", "fields": {"name": "Can change tagged item", "content_type": 8, "codename": "change_taggeditem"}}, {"model": "auth.permission", "fields": {"name": "Can delete tagged item", "content_type": 8, "codename": "delete_taggeditem"}}, {"model": "auth.permission", "fields": {"name": "Can view tagged item", "content_type": 8, "codename": "view_taggeditem"}}, {"model": "auth.permission", "fields": {"name": "Can add course", "content_type": 9, "codename": "add_course"}}, {"model": "auth.permission", "fields": {"name": "Can change course", "content_type": 9, "codename": "change_course"}}, {"model": "auth.permission", "fields": {"name": "Can delete course", "content_type": 9, "codename": "delete_course"}}, {"model": "auth.permission", "fields": {"name": "Can view course", "content_type": 9, "codename": "view_course"}}, {"model": "auth.permission", "fields": {"name": "Can add notification", "content_type": 10, "codename": "add_notification"}}, {"model": "auth.permission", "fields": {"name": "Can change notification", "content_type": 10, "codename": "change_notification"}}, {"model": "auth.permission", "fields": {"name": "Can delete notification", "content_type": 10, "codename": "delete_notification"}}, {"model": "auth.permission", "fields": {"name": "Can view notification", "content_type": 10, "codename": "view_notification"}}, {"model": "auth.permission", "fields": {"name": "Can add group channel", "content_type": 11, "codename": "add_groupchannel"}}, {"model": "auth.permission", "fields": {"name": "Can change group channel", "content_type": 11, "codename": "change_groupchannel"}}, {"model": "auth.permission", "fields": {"name": "Can delete group channel", "content_type": 11, "codename": "delete_groupchannel"}}, {"model": "auth.permission", "fields": {"name": "Can view group channel", "content_type": 11, "codename": "view_groupchannel"}}, {"model": "auth.permission", "fields": {"name": "Can add chat room", "content_type": 12, "codename": "add_chatroom"}}, {"model": "auth.permission", "fields": {"name": "Can change chat room", "content_type": 12, "codename": "change_chatroom"}}, {"model": "auth.permission", "fields": {"name": "Can delete chat room", "content_type": 12, "codename": "delete_chatroom"}}, {"model": "auth.permission", "fields": {"name": "Can view chat room", "content_type": 12, "codename": "view_chatroom"}}, {"model": "auth.permission", "fields": {"name": "Can add chat message", "content_type": 13, "codename": "add_chatmessage"}}, {"model": "auth.permission", "fields": {"name": "Can change chat message", "content_type": 13, "codename": "change_chatmessage"}}, {"model": "auth.permission", "fields": {"name": "Can delete chat message", "content_type": 13, "codename": "delete_chatmessage"}}, {"model": "auth.permission", "fields": {"name": "Can view chat message", "content_type": 13, "codename": "view_chatmessage"}}, {"model": "auth.permission", "fields": {"name": "Can add chat attachment", "content_type": 14, "codename": "add_chatattachment"}}, {"model": "auth.permission", "fields": {"name": "Can change chat attachment", "content_type": 14, "codename": "change_chatattachment"}}, {"model": "auth.permission", "fields": {"name": "Can delete chat attachment", "content_type": 14, "codename": "delete_chatattachment"}}, {"model": "auth.permission", "fields": {"name": "Can view chat attachment", "content_type": 14, "codename": "view_chatattachment"}}, {"model": "auth.permission", "fields": {"name": "Can add club", "content_type": 15, "codename": "add_club"}}, {"model": "auth.permission", "fields": {"name": "Can change club", "content_type": 15, "codename": "change_club"}}, {"model": "auth.permission", "fields": {"name": "Can delete club", "content_type": 15, "codename": "delete_club"}}, {"model": "auth.permission", "fields": {"name": "Can view club", "content_type": 15, "codename": "view_club"}}, {"model": "auth.permission", "fields": {"name": "Can add club membership", "content_type": 16, "codename": "add_clubmembership"}}, {"model": "auth.permission", "fields": {"name": "Can change club membership", "content_type": 16, "codename": "change_clubmembership"}}, {"model": "auth.permission", "fields": {"name": "Can delete club membership", "content_type": 16, "codename": "delete_clubmembership"}}, {"model": "auth.permission", "fields": {"name": "Can view club membership", "content_type": 16, "codename": "view_clubmembership"}}, {"model": "auth.permission", "fields": {"name": "Can add event", "content_type": 17, "codename": "add_event"}}, {"model": "auth.permission", "fields": {"name": "Can change event", "content_type": 17, "codename": "change_event"}}, {"model": "auth.permission", "fields": {"name": "Can delete event", "content_type": 17, "codename": "delete_event"}}, {"model": "auth.permission", "fields": {"name": "Can view event", "content_type": 17, "codename": "view_event"}}, {"model": "auth.permission", "fields": {"name": "Can add event ownership", "content_type": 18, "codename": "add_eventownership"}}, {"model": "auth.permission", "fields": {"name": "Can change event ownership", "content_type": 18, "codename": "change_eventownership"}}, {"model": "auth.permission", "fields": {"name": "Can delete event ownership", "content_type": 18, "codename": "delete_eventownership"}}, {"model": "auth.permission", "fields": {"name": "Can view event ownership", "content_type": 18, "codename": "view_eventownership"}}, {"model": "auth.permission", "fields": {"name": "Can add event attachment", "content_type": 19, "codename": "add_eventattachment"}}, {"model": "auth.permission", "fields": {"name": "Can change event attachment", "content_type": 19, "codename": "change_eventattachment"}}, {"model": "auth.permission", "fields": {"name": "Can delete event attachment", "content_type": 19, "codename": "delete_eventattachment"}}, {"model": "auth.permission", "fields": {"name": "Can view event attachment", "content_type": 19, "codename": "view_eventattachment"}}, {"model": "auth.permission", "fields": {"name": "Can add attendance record", "content_type": 20, "codename": "add_attendancerecord"}}, {"model": "auth.permission", "fields": {"name": "Can change attendance record", "content_type": 20, "codename": "change_attendancerecord"}}, {"model": "auth.permission", "fields": {"name": "Can delete attendance record", "content_type": 20, "codename": "delete_attendancerecord"}}, {"model": "auth.permission", "fields": {"name": "Can view attendance record", "content_type": 20, "codename": "view_attendancerecord"}}, {"model": "auth.permission", "fields": {"name": "Can add attachment", "content_type": 21, "codename": "add_attachment"}}, {"model": "auth.permission", "fields": {"name": "Can change attachment", "content_type": 21, "codename": "change_attachment"}}, {"model": "auth.permission", "fields": {"name": "Can delete attachment", "content_type": 21, "codename": "delete_attachment"}}, {"model": "auth.permission", "fields": {"name": "Can view attachment", "content_type": 21, "codename": "view_attachment"}}, {"model": "auth.permission", "fields": {"name": "Can add post", "content_type": 22, "codename": "add_post"}}, {"model": "auth.permission", "fields": {"name": "Can change post", "content_type": 22, "codename": "change_post"}}, {"model": "auth.permission", "fields": {"name": "Can delete post", "content_type": 22, "codename": "delete_post"}}, {"model": "auth.permission", "fields": {"name": "Can view post", "content_type": 22, "codename": "view_post"}}, {"model": "auth.permission", "fields": {"name": "Can add profile", "content_type": 23, "codename": "add_profile"}}, {"model": "auth.permission", "fields": {"name": "Can change profile", "content_type": 23, "codename": "change_profile"}}, {"model": "auth.permission", "fields": {"name": "Can delete profile", "content_type": 23, "codename": "delete_profile"}}, {"model": "auth.permission", "fields": {"name": "Can view profile", "content_type": 23, "codename": "view_profile"}}, {"model": "auth.permission", "fields": {"name": "Can add comment", "content_type": 24, "codename": "add_comment"}}, {"model": "auth.permission", "fields": {"name": "Can change comment", "content_type": 24, "codename": "change_comment"}}, {"model": "auth.permission", "fields": {"name": "Can delete comment", "content_type": 24, "codename": "delete_comment"}}, {"model": "auth.permission", "fields": {"name": "Can view comment", "content_type": 24, "codename": "view_comment"}}, {"model": "auth.permission", "fields": {"name": "Can add post like", "content_type": 25, "codename": "add_postlike"}}, {"model": "auth.permission", "fields": {"name": "Can change post like", "content_type": 25, "codename": "change_postlike"}}, {"model": "auth.permission", "fields": {"name": "Can delete post like", "content_type": 25, "codename": "delete_postlike"}}, {"model": "auth.permission", "fields": {"name": "Can view post like", "content_type": 25, "codename": "view_postlike"}}, {"model": "auth.permission", "fields": {"name": "Can add tagged event tag", "content_type": 26, "codename": "add_taggedeventtag"}}, {"model": "auth.permission", "fields": {"name": "Can change tagged event tag", "content_type": 26, "codename": "change_taggedeventtag"}}, {"model": "auth.permission", "fields": {"name": "Can delete tagged event tag", "content_type": 26, "codename": "delete_taggedeventtag"}}, {"model": "auth.permission", "fields": {"name": "Can view tagged event tag", "content_type": 26, "codename": "view_taggedeventtag"}}, {"model": "auth.permission", "fields": {"name": "Can add Event Tag", "content_type": 27, "codename": "add_eventtag"}}, {"model": "auth.permission", "fields": {"name": "Can change Event Tag", "content_type": 27, "codename": "change_eventtag"}}, {"model": "auth.permission", "fields": {"name": "Can delete Event Tag", "content_type": 27, "codename": "delete_eventtag"}}, {"model": "auth.permission", "fields": {"name": "Can view Event Tag", "content_type": 27, "codename": "view_eventtag"}}, {"model": "auth.permission", "fields": {"name": "Can add tagged post tag", "content_type": 28, "codename": "add_taggedposttag"}}, {"model": "auth.permission", "fields": {"name": "Can change tagged post tag", "content_type": 28, "codename": "change_taggedposttag"}}, {"model": "auth.permission", "fields": {"name": "Can delete tagged post tag", "content_type": 28, "codename": "delete_taggedposttag"}}, {"model": "auth.permission", "fields": {"name": "Can view tagged post tag", "content_type": 28, "codename": "view_taggedposttag"}}, {"model": "auth.permission", "fields": {"name": "Can add post ownership", "content_type": 29, "codename": "add_postownership"}}, {"model": "auth.permission", "fields": {"name": "Can change post ownership", "content_type": 29, "codename": "change_postownership"}}, {"model": "auth.permission", "fields": {"name": "Can delete post ownership", "content_type": 29, "codename": "delete_postownership"}}, {"model": "auth.permission", "fields": {"name": "Can view post ownership", "content_type": 29, "codename": "view_postownership"}}, {"model": "auth.permission", "fields": {"name": "Can add Post Tag", "content_type": 30, "codename": "add_posttag"}}, {"model": "auth.permission", "fields": {"name": "Can change Post Tag", "content_type": 30, "codename": "change_posttag"}}, {"model": "auth.permission", "fields": {"name": "Can delete Post Tag", "content_type": 30, "codename": "delete_posttag"}}, {"model": "auth.permission", "fields": {"name": "Can view Post Tag", "content_type": 30, "codename": "view_posttag"}}, {"model": "auth.permission", "fields": {"name": "Can add notification", "content_type": 31, "codename": "add_notification"}}, {"model": "auth.permission", "fields": {"name": "Can change notification", "content_type": 31, "codename": "change_notification"}}, {"model": "auth.permission", "fields": {"name": "Can delete notification", "content_type": 31, "codename": "delete_notification"}}, {"model": "auth.permission", "fields": {"name": "Can view notification", "content_type": 31, "codename": "view_notification"}}, {"model": "auth.user", "fields": {"password": "dnxsn7GTwb", "last_login": null, "is_superuser": false, "username": "alice", "first_name": "", "last_name": "", "email": "alice@example.com", "is_staff": false, "is_active": true, "date_joined": "2025-05-04T03:39:45.343Z", "groups": [], "user_permissions": []}}, {"model": "auth.user", "fields": {"password": "p8QEkWCnQv", "last_login": null, "is_superuser": false, "username": "bob", "first_name": "", "last_name": "", "email": "bob@example.com", "is_staff": false, "is_active": true, "date_joined": "2025-05-04T03:39:45.345Z", "groups": [], "user_permissions": []}}, {"model": "auth.user", "fields": {"password": "ktBq2b3gWB", "last_login": null, "is_superuser": false, "username": "charlie", "first_name": "", "last_name": "", "email": "charlie@example.com", "is_staff": false, "is_active": true, "date_joined": "2025-05-04T03:39:45.347Z", "groups": [], "user_permissions": []}}, {"model": "auth.user", "fields": {"password": "eQqS9cNb7v", "last_login": null, "is_superuser": false, "username": "diana", "first_name": "", "last_name": "", "email": "diana@example.com", "is_staff": false, "is_active": true, "date_joined": "2025-05-04T03:39:45.348Z", "groups": [], "user_permissions": []}}, {"model": "auth.user", "fields": {"password": "Ck7N8uKJVK", "last_login": null, "is_superuser": false, "username": "edward", "first_name": "", "last_name": "", "email": "edward@example.com", "is_staff": false, "is_active": true, "date_joined": "2025-05-04T03:39:45.350Z", "groups": [], "user_permissions": []}}, {"model": "auth.user", "fields": {"password": "n7fwbhnRfb", "last_login": null, "is_superuser": false, "username": "fiona", "first_name": "", "last_name": "", "email": "fiona@example.com", "is_staff": false, "is_active": true, "date_joined": "2025-05-04T03:39:45.351Z", "groups": [], "user_permissions": []}}, {"model": "auth.user", "fields": {"password": "H3n6LmZpdn", "last_login": null, "is_superuser": false, "username": "george", "first_name": "", "last_name": "", "email": "george@example.com", "is_staff": false, "is_active": true, "date_joined": "2025-05-04T03:39:45.354Z", "groups": [], "user_permissions": []}}, {"model": "auth.user", "fields": {"password": "sm28m76a4r", "last_login": null, "is_superuser": false, "username": "helen", "first_name": "", "last_name": "", "email": "helen@example.com", "is_staff": false, "is_active": true, "date_joined": "2025-05-04T03:39:45.355Z", "groups": [], "user_permissions": []}}, {"model": "auth.user", "fields": {"password": "LxHq7dZEfX", "last_login": null, "is_superuser": false, "username": "ian", "first_name": "", "last_name": "", "email": "ian@example.com", "is_staff": false, "is_active": true, "date_joined": "2025-05-04T03:39:45.356Z", "groups": [], "user_permissions": []}}, {"model": "auth.user", "fields": {"password": "F6SKCS4R7H", "last_login": null, "is_superuser": false, "username": "jane", "first_name": "", "last_name": "", "email": "jane@example.com", "is_staff": false, "is_active": true, "date_joined": "2025-05-04T03:39:45.358Z", "groups": [], "user_permissions": []}}, {"model": "auth.user", "fields": {"password": "pbkdf2_sha256$600000$blOr72nM5xnb3rUhmEyIYE$0nA9XQidvyugYYcpul6B/kHWGumDZ3UJUa9Gw/9jVgI=", "last_login": "2025-05-07T02:00:29.069Z", "is_superuser": false, "username": "vikram", "first_name": "", "last_name": "", "email": "vkbhojanala@gmail.com", "is_staff": false, "is_active": true, "date_joined": "2025-05-04T05:56:43.280Z", "groups": [], "user_permissions": []}}, {"model": "auth.user", "fields": {"password": "pbkdf2_sha256$1000000$1nEAVC5BwIR0w9BI8kb1mV$0W2JXQ2hN++6YHTlfj0jSfbjrGjhpDz0s9E+sVsgtEw=", "last_login": "2025-06-09T15:53:33.632Z", "is_superuser": true, "username": "admin", "first_name": "", "last_name": "", "email": "admin@gmail.com", "is_staff": true, "is_active": true, "date_joined": "2025-05-04T06:17:42.655Z", "groups": [], "user_permissions": []}}, {"model": "auth.user", "fields": {"password": "pbkdf2_sha256$1000000$NfxxiFJ8r16sfai9pVfCbo$ffpQqp38HYtYK29JN4xdmtuC/x0GWgLDlt4D8FH6pQk=", "last_login": "2025-05-11T21:29:11.127Z", "is_superuser": false, "username": "seb123", "first_name": "", "last_name": "", "email": "seb@gmail.com", "is_staff": false, "is_active": true, "date_joined": "2025-05-08T20:50:44.135Z", "groups": [], "user_permissions": []}}, {"model": "contenttypes.contenttype", "fields": {"app_label": "admin", "model": "logentry"}}, {"model": "contenttypes.contenttype", "fields": {"app_label": "auth", "model": "permission"}}, {"model": "contenttypes.contenttype", "fields": {"app_label": "auth", "model": "group"}}, {"model": "contenttypes.contenttype", "fields": {"app_label": "auth", "model": "user"}}, {"model": "contenttypes.contenttype", "fields": {"app_label": "contenttypes", "model": "contenttype"}}, {"model": "contenttypes.contenttype", "fields": {"app_label": "sessions", "model": "session"}}, {"model": "contenttypes.contenttype", "fields": {"app_label": "taggit", "model": "tag"}}, {"model": "contenttypes.contenttype", "fields": {"app_label": "taggit", "model": "taggeditem"}}, {"model": "contenttypes.contenttype", "fields": {"app_label": "common", "model": "course"}}, {"model": "contenttypes.contenttype", "fields": {"app_label": "common", "model": "notification"}}, {"model": "contenttypes.contenttype", "fields": {"app_label": "chat", "model": "groupchannel"}}, {"model": "contenttypes.contenttype", "fields": {"app_label": "chat", "model": "chatroom"}}, {"model": "contenttypes.contenttype", "fields": {"app_label": "chat", "model": "chatmessage"}}, {"model": "contenttypes.contenttype", "fields": {"app_label": "chat", "model": "chatattachment"}}, {"model": "contenttypes.contenttype", "fields": {"app_label": "clubs", "model": "club"}}, {"model": "contenttypes.contenttype", "fields": {"app_label": "clubs", "model": "clubmembership"}}, {"model": "contenttypes.contenttype", "fields": {"app_label": "events", "model": "event"}}, {"model": "contenttypes.contenttype", "fields": {"app_label": "events", "model": "eventownership"}}, {"model": "contenttypes.contenttype", "fields": {"app_label": "events", "model": "eventattachment"}}, {"model": "contenttypes.contenttype", "fields": {"app_label": "events", "model": "attendancerecord"}}, {"model": "contenttypes.contenttype", "fields": {"app_label": "posts", "model": "attachment"}}, {"model": "contenttypes.contenttype", "fields": {"app_label": "posts", "model": "post"}}, {"model": "contenttypes.contenttype", "fields": {"app_label": "users", "model": "profile"}}, {"model": "contenttypes.contenttype", "fields": {"app_label": "posts", "model": "comment"}}, {"model": "contenttypes.contenttype", "fields": {"app_label": "posts", "model": "postlike"}}, {"model": "contenttypes.contenttype", "fields": {"app_label": "events", "model": "taggedeventtag"}}, {"model": "contenttypes.contenttype", "fields": {"app_label": "events", "model": "eventtag"}}, {"model": "contenttypes.contenttype", "fields": {"app_label": "posts", "model": "taggedposttag"}}, {"model": "contenttypes.contenttype", "fields": {"app_label": "posts", "model": "postownership"}}, {"model": "contenttypes.contenttype", "fields": {"app_label": "posts", "model": "posttag"}}, {"model": "contenttypes.contenttype", "fields": {"app_label": "notifications", "model": "notification"}}, {"model": "taggit.tag", "fields": {"name": "Arts", "slug": "arts"}}, {"model": "taggit.tag", "fields": {"name": "Science", "slug": "science"}}, {"model": "taggit.tag", "fields": {"name": "Chess", "slug": "chess"}}, {"model": "taggit.tag", "fields": {"name": "Frat", "slug": "frat"}}, {"model": "taggit.tag", "fields": {"name": "Party", "slug": "party"}}, {"model": "taggit.tag", "fields": {"name": "Comp", "slug": "comp"}}, {"model": "taggit.tag", "fields": {"name": "Sci", "slug": "sci"}}, {"model": "taggit.taggeditem", "fields": {"tag": 1, "content_type": 17, "object_id": 11}}, {"model": "taggit.taggeditem", "fields": {"tag": 2, "content_type": 17, "object_id": 11}}, {"model": "taggit.taggeditem", "fields": {"tag": 3, "content_type": 17, "object_id": 12}}, {"model": "taggit.taggeditem", "fields": {"tag": 4, "content_type": 17, "object_id": 13}}, {"model": "taggit.taggeditem", "fields": {"tag": 6, "content_type": 17, "object_id": 15}}, {"model": "taggit.taggeditem", "fields": {"tag": 7, "content_type": 17, "object_id": 15}}, {"model": "common.course", "pk": 1, "fields": {"name": "MAT237", "session": "2025Y1"}}, {"model": "chat.chatroom", "pk": 1, "fields": {"name": "ChessClub", "is_private": false, "room_icon": "", "participants": [1, 2, 3, 12]}}, {"model": "clubs.club", "pk": 1, "fields": {"name": "Chess Club", "slug": "chess-club", "description": "Weekly chess meetups for all levels.", "banner": "club_banners/uoft_dLkDstw.png", "avatar": "club_avatars/istockphoto-1704345194-612x612_ycbyrSg.jpg", "created_at": "2025-05-04T03:39:45.366Z", "is_featured": true, "require_request": false, "creator": 12}}, {"model": "clubs.club", "pk": 3, "fields": {"name": "Photography Club", "slug": "photography-club", "description": "Capture the world through lenses.", "banner": "club_banners/uoft_dJYjJz6.png", "avatar": "club_avatars/istockphoto-1704345194-612x612_B6KdD6M.jpg", "created_at": "2025-05-04T03:39:45.369Z", "is_featured": false, "require_request": false, "creator": null}}, {"model": "clubs.club", "pk": 4, "fields": {"name": "Rock Band Collective", "slug": "rock-band-collective", "description": "Jam sessions every weekend.", "banner": "club_banners/uoft_Zi2B506.png", "avatar": "club_avatars/istockphoto-1704345194-612x612_B3830lF.jpg", "created_at": "2025-05-04T03:39:45.371Z", "is_featured": true, "require_request": false, "creator": null}}, {"model": "clubs.club", "pk": 5, "fields": {"name": "Nature Hikers", "slug": "nature-hikers", "description": "Explore trails and outdoors.", "banner": "club_banners/uoft_yvjVe7m.png", "avatar": "club_avatars/istockphoto-1704345194-612x612_RFB5y57.jpg", "created_at": "2025-05-04T03:39:45.372Z", "is_featured": false, "require_request": false, "creator": null}}, {"model": "clubs.club", "pk": 6, "fields": {"name": "Bookworms Unite", "slug": "bookworms-unite", "description": "Bi-weekly book discussions.", "banner": "club_banners/uoft.png", "avatar": "club_avatars/istockphoto-1704345194-612x612_JziXlKe.jpg", "created_at": "2025-05-04T03:39:45.373Z", "is_featured": true, "require_request": false, "creator": null}}, {"model": "clubs.clubmembership", "pk": 1, "fields": {"profile": 1, "club": 1, "role": "member", "status": "member", "joined_at": "2025-05-04T03:39:45.373Z", "responded_at": null}}, {"model": "clubs.clubmembership", "pk": 2, "fields": {"profile": 2, "club": 1, "role": "member", "status": "member", "joined_at": "2025-05-04T03:39:45.374Z", "responded_at": null}}, {"model": "clubs.clubmembership", "pk": 3, "fields": {"profile": 3, "club": 1, "role": "member", "status": "member", "joined_at": "2025-05-04T03:39:45.375Z", "responded_at": null}}, {"model": "clubs.clubmembership", "pk": 7, "fields": {"profile": 7, "club": 3, "role": "moderator", "status": "member", "joined_at": "2025-05-04T03:39:45.378Z", "responded_at": null}}, {"model": "clubs.clubmembership", "pk": 8, "fields": {"profile": 8, "club": 3, "role": "member", "status": "member", "joined_at": "2025-05-04T03:39:45.378Z", "responded_at": null}}, {"model": "clubs.clubmembership", "pk": 9, "fields": {"profile": 9, "club": 4, "role": "owner", "status": "member", "joined_at": "2025-05-04T03:39:45.379Z", "responded_at": null}}, {"model": "clubs.clubmembership", "pk": 10, "fields": {"profile": 10, "club": 4, "role": "member", "status": "member", "joined_at": "2025-05-04T03:39:45.380Z", "responded_at": null}}, {"model": "clubs.clubmembership", "pk": 11, "fields": {"profile": 1, "club": 5, "role": "member", "status": "member", "joined_at": "2025-05-04T03:39:45.380Z", "responded_at": null}}, {"model": "clubs.clubmembership", "pk": 12, "fields": {"profile": 2, "club": 5, "role": "member", "status": "member", "joined_at": "2025-05-04T03:39:45.381Z", "responded_at": null}}, {"model": "clubs.clubmembership", "pk": 13, "fields": {"profile": 3, "club": 6, "role": "owner", "status": "member", "joined_at": "2025-05-04T03:39:45.382Z", "responded_at": null}}, {"model": "clubs.clubmembership", "pk": 14, "fields": {"profile": 4, "club": 6, "role": "member", "status": "member", "joined_at": "2025-05-04T03:39:45.383Z", "responded_at": null}}, {"model": "clubs.clubmembership", "pk": 15, "fields": {"profile": 5, "club": 6, "role": "member", "status": "member", "joined_at": "2025-05-04T03:39:45.383Z", "responded_at": null}}, {"model": "clubs.clubmembership", "pk": 42, "fields": {"profile": 12, "club": 6, "role": "owner", "status": "member", "joined_at": "2025-05-06T17:10:46.576Z", "responded_at": "2025-05-06T17:10:46.578Z"}}, {"model": "clubs.clubmembership", "pk": 43, "fields": {"profile": 12, "club": 1, "role": "owner", "status": "member", "joined_at": "2025-05-06T17:15:59.908Z", "responded_at": null}}, {"model": "clubs.clubmembership", "pk": 44, "fields": {"profile": 12, "club": 5, "role": "owner", "status": "member", "joined_at": "2025-05-06T17:16:11.607Z", "responded_at": null}}, {"model": "clubs.clubmembership", "pk": 45, "fields": {"profile": 12, "club": 3, "role": "owner", "status": "member", "joined_at": "2025-05-06T17:16:19.324Z", "responded_at": null}}, {"model": "clubs.clubmembership", "pk": 46, "fields": {"profile": 12, "club": 4, "role": "owner", "status": "member", "joined_at": "2025-05-06T17:16:26.115Z", "responded_at": null}}, {"model": "clubs.clubmembership", "pk": 48, "fields": {"profile": 13, "club": 6, "role": "member", "status": "member", "joined_at": "2025-05-08T20:54:20.814Z", "responded_at": "2025-05-08T20:54:20.817Z"}}, {"model": "clubs.clubmembership", "pk": 57, "fields": {"profile": 13, "club": 1, "role": "member", "status": "member", "joined_at": "2025-05-08T21:10:50.445Z", "responded_at": "2025-05-08T21:10:50.447Z"}}, {"model": "events.event", "pk": 1, "fields": {"title": "Friday Chess Night", "description": "Casual games & snacks.", "location": "Room 101", "starts_at": "2025-05-09T18:00:00Z", "ends_at": "2025-05-09T20:00:00Z", "duration": null, "created_by": 1, "club": 1, "is_featured": true, "require_request": false}}, {"model": "events.event", "pk": 2, "fields": {"title": "ML Guest Lecture", "description": "Deep dive into CNNs.", "location": "Auditorium", "starts_at": "2025-05-12T15:00:00Z", "ends_at": "2025-05-12T17:00:00Z", "duration": null, "created_by": 3, "club": null, "is_featured": true, "require_request": true}}, {"model": "events.event", "pk": 3, "fields": {"title": "Photography Walk", "description": "Downtown photo tour.", "location": "City Center", "starts_at": "2025-05-10T14:00:00Z", "ends_at": "2025-05-10T16:00:00Z", "duration": null, "created_by": 3, "club": 3, "is_featured": false, "require_request": false}}, {"model": "events.event", "pk": 4, "fields": {"title": "Rock Jam Session", "description": "Bring your instrument!", "location": "Music Hall", "starts_at": "2025-05-11T19:00:00Z", "ends_at": "2025-05-11T21:00:00Z", "duration": null, "created_by": 4, "club": 4, "is_featured": false, "require_request": false}}, {"model": "events.event", "pk": 5, "fields": {"title": "Trail Hike", "description": "Nature hike outdoors.", "location": "Trailhead", "starts_at": "2025-05-13T09:00:00Z", "ends_at": "2025-05-13T12:00:00Z", "duration": null, "created_by": 5, "club": 5, "is_featured": false, "require_request": false}}, {"model": "events.event", "pk": 6, "fields": {"title": "Book Discussion #1", "description": "Discussing '1984'.", "location": "Library Room B", "starts_at": "2025-05-14T17:00:00Z", "ends_at": "2025-05-14T19:00:00Z", "duration": null, "created_by": 6, "club": 6, "is_featured": true, "require_request": false}}, {"model": "events.event", "pk": 7, "fields": {"title": "Study Group: Calculus", "description": "Chapter 5 problems.", "location": "Math Dept", "starts_at": "2025-05-15T16:00:00Z", "ends_at": "2025-05-15T18:00:00Z", "duration": null, "created_by": 8, "club": null, "is_featured": false, "require_request": false}}, {"model": "events.event", "pk": 8, "fields": {"title": "Chemistry Lab Review", "description": "Lab prep session.", "location": "Chem Lab", "starts_at": "2025-05-16T14:00:00Z", "ends_at": "2025-05-16T16:00:00Z", "duration": null, "created_by": 9, "club": null, "is_featured": false, "require_request": false}}, {"model": "events.event", "pk": 9, "fields": {"title": "Art Exhibit Opening", "description": "Local artists gallery.", "location": "Art Center", "starts_at": "2025-05-17T18:00:00Z", "ends_at": "2025-05-17T20:00:00Z", "duration": null, "created_by": 3, "club": 3, "is_featured": false, "require_request": false}}, {"model": "events.event", "pk": 10, "fields": {"title": "Backend Workshop", "description": "Django best practices.", "location": "CS Lab", "starts_at": "2025-05-18T10:00:00Z", "ends_at": "2025-05-18T12:00:00Z", "duration": null, "created_by": 2, "club": null, "is_featured": false, "require_request": false}}, {"model": "events.event", "pk": 11, "fields": {"title": "Hola", "description": "21", "location": "Convocation Hall", "starts_at": "2025-10-01T09:00:00Z", "ends_at": "2025-10-01T10:00:00Z", "duration": null, "created_by": 12, "club": 6, "is_featured": true, "require_request": false}}, {"model": "events.event", "pk": 12, "fields": {"title": "21", "description": "21", "location": "BA 220", "starts_at": "2025-12-01T09:00:00Z", "ends_at": "2025-12-01T00:00:00Z", "duration": null, "created_by": 12, "club": 6, "is_featured": false, "require_request": false}}, {"model": "events.event", "pk": 13, "fields": {"title": "21", "description": "21", "location": "Waterdown", "starts_at": "2025-12-10T22:00:00Z", "ends_at": "2025-12-10T23:00:00Z", "duration": null, "created_by": 12, "club": null, "is_featured": false, "require_request": false}}, {"model": "events.event", "pk": 14, "fields": {"title": "21", "description": "21", "location": "My Crib", "starts_at": "2025-12-01T01:01:00Z", "ends_at": "2025-12-02T01:01:00Z", "duration": null, "created_by": 12, "club": 6, "is_featured": false, "require_request": false}}, {"model": "events.event", "pk": 15, "fields": {"title": "Hola", "description": "21", "location": "BA 120", "starts_at": "2026-12-01T11:00:00Z", "ends_at": "2026-12-02T12:00:00Z", "duration": null, "created_by": 12, "club": null, "is_featured": true, "require_request": false}}, {"model": "events.eventownership", "pk": 1, "fields": {"event": 1, "club": 1, "user": null}}, {"model": "events.eventownership", "pk": 3, "fields": {"event": 3, "club": 3, "user": null}}, {"model": "events.eventownership", "pk": 4, "fields": {"event": 4, "club": 4, "user": null}}, {"model": "events.eventownership", "pk": 5, "fields": {"event": 5, "club": 5, "user": null}}, {"model": "events.eventownership", "pk": 6, "fields": {"event": 6, "club": 6, "user": null}}, {"model": "events.eventownership", "pk": 7, "fields": {"event": 7, "club": null, "user": 8}}, {"model": "events.eventownership", "pk": 8, "fields": {"event": 8, "club": null, "user": 9}}, {"model": "events.eventownership", "pk": 9, "fields": {"event": 9, "club": 3, "user": null}}, {"model": "events.eventownership", "pk": 10, "fields": {"event": 10, "club": null, "user": 2}}, {"model": "events.eventownership", "pk": 11, "fields": {"event": 11, "club": null, "user": 12}}, {"model": "events.eventownership", "pk": 12, "fields": {"event": 12, "club": 6, "user": null}}, {"model": "events.eventownership", "pk": 13, "fields": {"event": 13, "club": null, "user": 12}}, {"model": "events.eventownership", "pk": 14, "fields": {"event": 14, "club": 6, "user": null}}, {"model": "events.eventownership", "pk": 15, "fields": {"event": 15, "club": null, "user": 12}}, {"model": "events.attendancerecord", "pk": 1, "fields": {"event": 1, "user": 2, "status": "attending", "requested_at": "2025-05-04T03:39:45.415Z", "responded_at": "2025-05-08T12:05:00Z"}}, {"model": "events.attendancerecord", "pk": 2, "fields": {"event": 1, "user": 3, "status": "requested", "requested_at": "2025-05-04T03:39:45.415Z", "responded_at": null}}, {"model": "events.attendancerecord", "pk": 3, "fields": {"event": 2, "user": 1, "status": "requested", "requested_at": "2025-05-04T03:39:45.416Z", "responded_at": null}}, {"model": "events.attendancerecord", "pk": 4, "fields": {"event": 2, "user": 5, "status": "attending", "requested_at": "2025-05-04T03:39:45.417Z", "responded_at": "2025-05-09T09:15:00Z"}}, {"model": "events.attendancerecord", "pk": 5, "fields": {"event": 3, "user": 4, "status": "attending", "requested_at": "2025-05-04T03:39:45.418Z", "responded_at": "2025-05-10T11:05:00Z"}}, {"model": "events.attendancerecord", "pk": 6, "fields": {"event": 3, "user": 6, "status": "requested", "requested_at": "2025-05-04T03:39:45.418Z", "responded_at": null}}, {"model": "events.attendancerecord", "pk": 7, "fields": {"event": 4, "user": 7, "status": "attending", "requested_at": "2025-05-04T03:39:45.419Z", "responded_at": "2025-05-11T13:05:00Z"}}, {"model": "events.attendancerecord", "pk": 8, "fields": {"event": 5, "user": 2, "status": "requested", "requested_at": "2025-05-04T03:39:45.420Z", "responded_at": null}}, {"model": "events.attendancerecord", "pk": 9, "fields": {"event": 6, "user": 3, "status": "attending", "requested_at": "2025-05-04T03:39:45.421Z", "responded_at": "2025-05-14T18:05:00Z"}}, {"model": "events.attendancerecord", "pk": 10, "fields": {"event": 7, "user": 5, "status": "attending", "requested_at": "2025-05-04T03:39:45.423Z", "responded_at": "2025-05-15T15:05:00Z"}}, {"model": "events.attendancerecord", "pk": 11, "fields": {"event": 8, "user": 8, "status": "requested", "requested_at": "2025-05-04T03:39:45.423Z", "responded_at": null}}, {"model": "events.attendancerecord", "pk": 12, "fields": {"event": 9, "user": 1, "status": "attending", "requested_at": "2025-05-04T03:39:45.424Z", "responded_at": "2025-05-17T19:05:00Z"}}, {"model": "events.attendancerecord", "pk": 13, "fields": {"event": 10, "user": 4, "status": "attending", "requested_at": "2025-05-04T03:39:45.425Z", "responded_at": "2025-05-18T10:10:00Z"}}, {"model": "events.attendancerecord", "pk": 14, "fields": {"event": 10, "user": 9, "status": "requested", "requested_at": "2025-05-04T03:39:45.426Z", "responded_at": null}}, {"model": "events.attendancerecord", "pk": 15, "fields": {"event": 5, "user": 10, "status": "attending", "requested_at": "2025-05-04T03:39:45.426Z", "responded_at": "2025-05-13T08:05:00Z"}}, {"model": "events.attendancerecord", "pk": 16, "fields": {"event": 2, "user": 11, "status": "requested", "requested_at": "2025-05-04T05:57:59.225Z", "responded_at": null}}, {"model": "events.attendancerecord", "pk": 44, "fields": {"event": 10, "user": 12, "status": "attending", "requested_at": "2025-05-06T12:38:52.200Z", "responded_at": "2025-05-06T12:38:52.199Z"}}, {"model": "events.attendancerecord", "pk": 52, "fields": {"event": 14, "user": 11, "status": "attending", "requested_at": "2025-05-07T02:00:41.288Z", "responded_at": "2025-05-07T02:00:41.288Z"}}, {"model": "events.attendancerecord", "pk": 53, "fields": {"event": 13, "user": 11, "status": "attending", "requested_at": "2025-05-07T02:01:45.107Z", "responded_at": "2025-05-07T02:01:45.107Z"}}, {"model": "events.attendancerecord", "pk": 54, "fields": {"event": 12, "user": 11, "status": "attending", "requested_at": "2025-05-07T02:01:48.593Z", "responded_at": "2025-05-07T02:01:48.593Z"}}, {"model": "events.attendancerecord", "pk": 55, "fields": {"event": 6, "user": 12, "status": "attending", "requested_at": "2025-05-07T12:42:57.244Z", "responded_at": "2025-05-07T12:42:57.244Z"}}, {"model": "events.attendancerecord", "pk": 57, "fields": {"event": 2, "user": 12, "status": "requested", "requested_at": "2025-05-07T12:44:06.612Z", "responded_at": null}}, {"model": "events.attendancerecord", "pk": 60, "fields": {"event": 12, "user": 13, "status": "attending", "requested_at": "2025-05-09T08:02:24.915Z", "responded_at": "2025-05-09T08:02:24.915Z"}}, {"model": "events.attendancerecord", "pk": 61, "fields": {"event": 13, "user": 13, "status": "attending", "requested_at": "2025-05-09T18:42:09.593Z", "responded_at": "2025-05-09T18:42:09.592Z"}}, {"model": "events.attendancerecord", "pk": 62, "fields": {"event": 14, "user": 13, "status": "attending", "requested_at": "2025-05-09T18:42:29.177Z", "responded_at": "2025-05-09T18:42:29.176Z"}}, {"model": "events.attendancerecord", "pk": 64, "fields": {"event": 11, "user": 13, "status": "attending", "requested_at": "2025-05-09T19:07:10.415Z", "responded_at": null}}, {"model": "events.attendancerecord", "pk": 65, "fields": {"event": 3, "user": 12, "status": "attending", "requested_at": "2025-05-09T21:24:22.561Z", "responded_at": null}}, {"model": "posts.attachment", "pk": 3, "fields": {"post": 18, "file": "posts/2025/05/06/attachments/istockphoto-1704345194-612x612_jtyoQ1v.jpg", "media_type": "image"}}, {"model": "posts.attachment", "pk": 4, "fields": {"post": 19, "file": "posts/2025/05/06/attachments/download.jpeg", "media_type": "image"}}, {"model": "posts.post", "pk": 1, "fields": {"title": "Welcome to Chess Club", "content": "First meetup this Friday!", "author": 1, "date_posted": "2025-05-04T03:39:45.384Z"}}, {"model": "posts.post", "pk": 2, "fields": {"title": "AI Talk Recap", "content": "Deep learning overview.", "author": 2, "date_posted": "2025-05-04T03:39:45.385Z"}}, {"model": "posts.post", "pk": 3, "fields": {"title": "Photography Tips", "content": "Rule of thirds, etc.", "author": 3, "date_posted": "2025-05-04T03:39:45.386Z"}}, {"model": "posts.post", "pk": 4, "fields": {"title": "Rock Band Auditions", "content": "Bring your guitar.", "author": 4, "date_posted": "2025-05-04T03:39:45.387Z"}}, {"model": "posts.post", "pk": 5, "fields": {"title": "Hiking Next Week", "content": "Trail maps attached.", "author": 5, "date_posted": "2025-05-04T03:39:45.388Z"}}, {"model": "posts.post", "pk": 6, "fields": {"title": "New Book Discussion", "content": "We’re reading Orwell.", "author": 6, "date_posted": "2025-05-04T03:39:45.388Z"}}, {"model": "posts.post", "pk": 7, "fields": {"title": "Study Group Invite", "content": "Join us in Lib A.", "author": 7, "date_posted": "2025-05-04T03:39:45.389Z"}}, {"model": "posts.post", "pk": 8, "fields": {"title": "Math Puzzle", "content": "Can you solve this?", "author": 8, "date_posted": "2025-05-04T03:39:45.390Z"}}, {"model": "posts.post", "pk": 9, "fields": {"title": "Chemistry Tips", "content": "Lab safety first.", "author": 9, "date_posted": "2025-05-04T03:39:45.391Z"}}, {"model": "posts.post", "pk": 10, "fields": {"title": "Poetry Night", "content": "Share your poems.", "author": 10, "date_posted": "2025-05-04T03:39:45.391Z"}}, {"model": "posts.post", "pk": 11, "fields": {"title": "Backend Meetup", "content": "Django best practices.", "author": 1, "date_posted": "2025-05-04T03:39:45.393Z"}}, {"model": "posts.post", "pk": 12, "fields": {"title": "Algo Workshop", "content": "Sorting algorithms.", "author": 2, "date_posted": "2025-05-04T03:39:45.394Z"}}, {"model": "posts.post", "pk": 13, "fields": {"title": "Art Exhibition", "content": "Local artists featured.", "author": 3, "date_posted": "2025-05-04T03:39:45.394Z"}}, {"model": "posts.post", "pk": 14, "fields": {"title": "Soccer Tryouts", "content": "Come to field C.", "author": 4, "date_posted": "2025-05-04T03:39:45.396Z"}}, {"model": "posts.post", "pk": 15, "fields": {"title": "Jazz Night", "content": "Live band event.", "author": 5, "date_posted": "2025-05-04T03:39:45.396Z"}}, {"model": "posts.post", "pk": 18, "fields": {"title": "Hola", "content": "Lorem Ipsum", "author": 12, "date_posted": "2025-05-06T13:03:37.606Z"}}, {"model": "posts.post", "pk": 19, "fields": {"title": "Hola", "content": "21", "author": 12, "date_posted": "2025-05-06T17:13:24.744Z"}}, {"model": "posts.postlike", "pk": 1, "fields": {"post": 1, "user": 12, "created_at": "2025-05-05T00:34:48.672Z"}}, {"model": "posts.postlike", "pk": 12, "fields": {"post": 15, "user": 12, "created_at": "2025-05-06T13:41:45.038Z"}}, {"model": "posts.postlike", "pk": 13, "fields": {"post": 12, "user": 12, "created_at": "2025-05-06T17:14:27.961Z"}}, {"model": "posts.comment", "pk": 1, "fields": {"post": 18, "user": 12, "content": "Hola", "created_at": "2025-05-06T13:12:34.642Z"}}, {"model": "posts.comment", "pk": 2, "fields": {"post": 15, "user": 12, "content": "When will this be?", "created_at": "2025-05-06T13:19:35.446Z"}}, {"model": "posts.comment", "pk": 3, "fields": {"post": 8, "user": 12, "content": "Hola", "created_at": "2025-05-06T14:33:00.863Z"}}, {"model": "posts.comment", "pk": 4, "fields": {"post": 12, "user": 12, "content": "Was shit", "created_at": "2025-05-06T17:14:41.959Z"}}, {"model": "posts.comment", "pk": 5, "fields": {"post": 18, "user": 12, "content": "Hello", "created_at": "2025-05-07T12:40:33.174Z"}}, {"model": "posts.comment", "pk": 6, "fields": {"post": 19, "user": 12, "content": "Why", "created_at": "2025-05-14T16:46:45.101Z"}}, {"model": "posts.comment", "pk": 7, "fields": {"post": 13, "user": 12, "content": "Hello", "created_at": "2025-05-17T20:42:51.213Z"}}, {"model": "users.profile", "pk": 1, "fields": {"user": 1, "image": "default.jpg", "bio": "Math major & chess enthusiast.", "is_private": false, "current_courses": [], "past_courses": [], "following": [], "follow_requests": [], "following_requests": [], "group_channels": []}}, {"model": "users.profile", "pk": 2, "fields": {"user": 2, "image": "default.jpg", "bio": "Computer science undergrad.", "is_private": false, "current_courses": [], "past_courses": [], "following": [], "follow_requests": [], "following_requests": [], "group_channels": []}}, {"model": "users.profile", "pk": 3, "fields": {"user": 3, "image": "default.jpg", "bio": "Board games lover.", "is_private": false, "current_courses": [], "past_courses": [], "following": [], "follow_requests": [], "following_requests": [], "group_channels": []}}, {"model": "users.profile", "pk": 4, "fields": {"user": 4, "image": "default.jpg", "bio": "Physics nerd.", "is_private": false, "current_courses": [], "past_courses": [], "following": [], "follow_requests": [], "following_requests": [], "group_channels": []}}, {"model": "users.profile", "pk": 5, "fields": {"user": 5, "image": "default.jpg", "bio": "Music & art fanatic.", "is_private": false, "current_courses": [], "past_courses": [], "following": [], "follow_requests": [], "following_requests": [], "group_channels": []}}, {"model": "users.profile", "pk": 6, "fields": {"user": 6, "image": "default.jpg", "bio": "AI hobbyist.", "is_private": false, "current_courses": [], "past_courses": [], "following": [], "follow_requests": [], "following_requests": [], "group_channels": []}}, {"model": "users.profile", "pk": 7, "fields": {"user": 7, "image": "default.jpg", "bio": "Sports club member.", "is_private": false, "current_courses": [], "past_courses": [], "following": [], "follow_requests": [], "following_requests": [], "group_channels": []}}, {"model": "users.profile", "pk": 8, "fields": {"user": 8, "image": "default.jpg", "bio": "Literature buff.", "is_private": false, "current_courses": [], "past_courses": [], "following": [], "follow_requests": [], "following_requests": [], "group_channels": []}}, {"model": "users.profile", "pk": 9, "fields": {"user": 9, "image": "default.jpg", "bio": "History major.", "is_private": false, "current_courses": [], "past_courses": [], "following": [], "follow_requests": [], "following_requests": [], "group_channels": []}}, {"model": "users.profile", "pk": 10, "fields": {"user": 10, "image": "default.jpg", "bio": "Environmental science student.", "is_private": false, "current_courses": [], "past_courses": [], "following": [], "follow_requests": [], "following_requests": [], "group_channels": []}}, {"model": "users.profile", "pk": 11, "fields": {"user": 11, "image": "default.jpg", "bio": "", "is_private": false, "current_courses": [], "past_courses": [], "following": [], "follow_requests": [], "following_requests": [], "group_channels": []}}, {"model": "users.profile", "pk": 12, "fields": {"user": 12, "image": "profile_pics/21.jpeg", "bio": "", "is_private": false, "current_courses": [1], "past_courses": [], "following": [2, 13], "follow_requests": [], "following_requests": [], "group_channels": []}}, {"model": "users.profile", "pk": 13, "fields": {"user": 13, "image": "default.jpg", "bio": "", "is_private": true, "current_courses": [], "past_courses": [], "following": [3, 12], "follow_requests": [], "following_requests": [], "group_channels": []}}]